image_path,model,latency_ms,error,_raw
/mnt/mahdipou/test/code/fractal/FD12/FD_12_0.png,qwen2.5vl,8726,no_face,no face
/mnt/mahdipou/test/code/fractal/FD12/FD_12_1.png,qwen2.5vl,2278,no_face,no face
/mnt/mahdipou/test/code/fractal/FD12/FD_12_10.png,qwen2.5vl,2396,no_face,no face
/mnt/mahdipou/test/code/fractal/FD12/FD_12_11.png,qwen2.5vl,2334,no_face,no face
/mnt/mahdipou/test/code/fractal/FD12/FD_12_12.png,qwen2.5vl,2286,no_face,no face
/mnt/mahdipou/test/code/fractal/FD12/FD_12_13.png,qwen2.5vl,2385,no_face,no face
/mnt/mahdipou/test/code/fractal/FD12/FD_12_14.png,qwen2.5vl,2312,no_face,no face
/mnt/mahdipou/test/code/fractal/FD12/FD_12_15.png,qwen2.5vl,2331,no_face,no face
/mnt/mahdipou/test/code/fractal/FD12/FD_12_16.png,qwen2.5vl,2298,no_face,no face
/mnt/mahdipou/test/code/fractal/FD12/FD_12_17.png,qwen2.5vl,2281,no_face,no face
/mnt/mahdipou/test/code/fractal/FD12/FD_12_18.png,qwen2.5vl,2267,no_face,no face
/mnt/mahdipou/test/code/fractal/FD12/FD_12_19.png,qwen2.5vl,2318,no_face,no face
/mnt/mahdipou/test/code/fractal/FD12/FD_12_2.png,qwen2.5vl,2195,no_face,no face
/mnt/mahdipou/test/code/fractal/FD12/FD_12_20.png,qwen2.5vl,2340,no_face,no face
/mnt/mahdipou/test/code/fractal/FD12/FD_12_21.png,qwen2.5vl,2302,no_face,no face
/mnt/mahdipou/test/code/fractal/FD12/FD_12_22.png,qwen2.5vl,2247,no_face,no face
/mnt/mahdipou/test/code/fractal/FD12/FD_12_23.png,qwen2.5vl,2343,no_face,no face
/mnt/mahdipou/test/code/fractal/FD12/FD_12_24.png,qwen2.5vl,2364,no_face,no face
/mnt/mahdipou/test/code/fractal/FD12/FD_12_25.png,qwen2.5vl,2307,no_face,no face
/mnt/mahdipou/test/code/fractal/FD12/FD_12_26.png,qwen2.5vl,2355,no_face,no face
/mnt/mahdipou/test/code/fractal/FD12/FD_12_27.png,qwen2.5vl,2224,no_face,no face
/mnt/mahdipou/test/code/fractal/FD12/FD_12_28.png,qwen2.5vl,2298,no_face,no face
/mnt/mahdipou/test/code/fractal/FD12/FD_12_29.png,qwen2.5vl,2303,no_face,no face
/mnt/mahdipou/test/code/fractal/FD12/FD_12_3.png,qwen2.5vl,2361,no_face,no face
/mnt/mahdipou/test/code/fractal/FD12/FD_12_30.png,qwen2.5vl,2372,no_face,no face
/mnt/mahdipou/test/code/fractal/FD12/FD_12_31.png,qwen2.5vl,2229,no_face,no face
/mnt/mahdipou/test/code/fractal/FD12/FD_12_32.png,qwen2.5vl,2234,no_face,no face
/mnt/mahdipou/test/code/fractal/FD12/FD_12_33.png,qwen2.5vl,2286,no_face,no face
/mnt/mahdipou/test/code/fractal/FD12/FD_12_34.png,qwen2.5vl,2321,no_face,no face
/mnt/mahdipou/test/code/fractal/FD12/FD_12_35.png,qwen2.5vl,2313,no_face,no face
/mnt/mahdipou/test/code/fractal/FD12/FD_12_36.png,qwen2.5vl,2221,no_face,no face
/mnt/mahdipou/test/code/fractal/FD12/FD_12_37.png,qwen2.5vl,2322,no_face,no face
/mnt/mahdipou/test/code/fractal/FD12/FD_12_38.png,qwen2.5vl,2245,no_face,no face
/mnt/mahdipou/test/code/fractal/FD12/FD_12_39.png,qwen2.5vl,2300,no_face,no face
/mnt/mahdipou/test/code/fractal/FD12/FD_12_4.png,qwen2.5vl,2330,no_face,no face
/mnt/mahdipou/test/code/fractal/FD12/FD_12_40.png,qwen2.5vl,2243,no_face,no face
/mnt/mahdipou/test/code/fractal/FD12/FD_12_41.png,qwen2.5vl,2302,no_face,no face
/mnt/mahdipou/test/code/fractal/FD12/FD_12_42.png,qwen2.5vl,2341,no_face,no face
/mnt/mahdipou/test/code/fractal/FD12/FD_12_43.png,qwen2.5vl,2327,no_face,no face
/mnt/mahdipou/test/code/fractal/FD12/FD_12_44.png,qwen2.5vl,2333,no_face,no face
/mnt/mahdipou/test/code/fractal/FD12/FD_12_45.png,qwen2.5vl,2280,no_face,no face
/mnt/mahdipou/test/code/fractal/FD12/FD_12_46.png,qwen2.5vl,2300,no_face,no face
/mnt/mahdipou/test/code/fractal/FD12/FD_12_47.png,qwen2.5vl,2323,no_face,no face
/mnt/mahdipou/test/code/fractal/FD12/FD_12_48.png,qwen2.5vl,2214,no_face,no face
/mnt/mahdipou/test/code/fractal/FD12/FD_12_49.png,qwen2.5vl,2296,no_face,no face
/mnt/mahdipou/test/code/fractal/FD12/FD_12_5.png,qwen2.5vl,2290,no_face,no face
/mnt/mahdipou/test/code/fractal/FD12/FD_12_50.png,qwen2.5vl,2343,no_face,no face
/mnt/mahdipou/test/code/fractal/FD12/FD_12_51.png,qwen2.5vl,2297,no_face,no face
/mnt/mahdipou/test/code/fractal/FD12/FD_12_52.png,qwen2.5vl,2329,no_face,no face
/mnt/mahdipou/test/code/fractal/FD12/FD_12_53.png,qwen2.5vl,2311,no_face,no face
/mnt/mahdipou/test/code/fractal/FD12/FD_12_54.png,qwen2.5vl,2231,no_face,no face
/mnt/mahdipou/test/code/fractal/FD12/FD_12_55.png,qwen2.5vl,2362,no_face,no face
/mnt/mahdipou/test/code/fractal/FD12/FD_12_56.png,qwen2.5vl,2351,no_face,no face
/mnt/mahdipou/test/code/fractal/FD12/FD_12_57.png,qwen2.5vl,2292,no_face,no face
/mnt/mahdipou/test/code/fractal/FD12/FD_12_58.png,qwen2.5vl,2294,no_face,no face
/mnt/mahdipou/test/code/fractal/FD12/FD_12_59.png,qwen2.5vl,2333,no_face,no face
/mnt/mahdipou/test/code/fractal/FD12/FD_12_6.png,qwen2.5vl,2349,no_face,no face
/mnt/mahdipou/test/code/fractal/FD12/FD_12_60.png,qwen2.5vl,2321,no_face,no face
/mnt/mahdipou/test/code/fractal/FD12/FD_12_61.png,qwen2.5vl,2319,no_face,no face
/mnt/mahdipou/test/code/fractal/FD12/FD_12_62.png,qwen2.5vl,2276,no_face,no face
/mnt/mahdipou/test/code/fractal/FD12/FD_12_63.png,qwen2.5vl,2333,no_face,no face
/mnt/mahdipou/test/code/fractal/FD12/FD_12_64.png,qwen2.5vl,2295,no_face,no face
/mnt/mahdipou/test/code/fractal/FD12/FD_12_65.png,qwen2.5vl,2458,no_face,no face
/mnt/mahdipou/test/code/fractal/FD12/FD_12_66.png,qwen2.5vl,2320,no_face,no face
/mnt/mahdipou/test/code/fractal/FD12/FD_12_67.png,qwen2.5vl,2277,no_face,no face
/mnt/mahdipou/test/code/fractal/FD12/FD_12_68.png,qwen2.5vl,2333,no_face,no face
/mnt/mahdipou/test/code/fractal/FD12/FD_12_69.png,qwen2.5vl,2358,no_face,no face
/mnt/mahdipou/test/code/fractal/FD12/FD_12_7.png,qwen2.5vl,2323,no_face,no face
/mnt/mahdipou/test/code/fractal/FD12/FD_12_70.png,qwen2.5vl,2273,no_face,no face
/mnt/mahdipou/test/code/fractal/FD12/FD_12_71.png,qwen2.5vl,2312,no_face,no face
/mnt/mahdipou/test/code/fractal/FD12/FD_12_72.png,qwen2.5vl,2281,no_face,no face
/mnt/mahdipou/test/code/fractal/FD12/FD_12_73.png,qwen2.5vl,2243,no_face,no face
/mnt/mahdipou/test/code/fractal/FD12/FD_12_74.png,qwen2.5vl,2328,no_face,no face
/mnt/mahdipou/test/code/fractal/FD12/FD_12_75.png,qwen2.5vl,2302,no_face,no face
/mnt/mahdipou/test/code/fractal/FD12/FD_12_76.png,qwen2.5vl,2259,no_face,no face
/mnt/mahdipou/test/code/fractal/FD12/FD_12_77.png,qwen2.5vl,2342,no_face,no face
/mnt/mahdipou/test/code/fractal/FD12/FD_12_78.png,qwen2.5vl,2321,no_face,no face
/mnt/mahdipou/test/code/fractal/FD12/FD_12_79.png,qwen2.5vl,2270,no_face,no face
/mnt/mahdipou/test/code/fractal/FD12/FD_12_8.png,qwen2.5vl,2299,no_face,no face
/mnt/mahdipou/test/code/fractal/FD12/FD_12_80.png,qwen2.5vl,2314,no_face,no face
/mnt/mahdipou/test/code/fractal/FD12/FD_12_81.png,qwen2.5vl,2370,no_face,no face
/mnt/mahdipou/test/code/fractal/FD12/FD_12_82.png,qwen2.5vl,2310,no_face,no face
/mnt/mahdipou/test/code/fractal/FD12/FD_12_83.png,qwen2.5vl,2303,no_face,no face
/mnt/mahdipou/test/code/fractal/FD12/FD_12_84.png,qwen2.5vl,2358,no_face,no face
/mnt/mahdipou/test/code/fractal/FD12/FD_12_85.png,qwen2.5vl,2350,no_face,no face
/mnt/mahdipou/test/code/fractal/FD12/FD_12_86.png,qwen2.5vl,2278,no_face,no face
/mnt/mahdipou/test/code/fractal/FD12/FD_12_87.png,qwen2.5vl,2389,no_face,no face
/mnt/mahdipou/test/code/fractal/FD12/FD_12_88.png,qwen2.5vl,2242,no_face,no face
/mnt/mahdipou/test/code/fractal/FD12/FD_12_89.png,qwen2.5vl,2321,no_face,no face
/mnt/mahdipou/test/code/fractal/FD12/FD_12_9.png,qwen2.5vl,2323,no_face,no face
/mnt/mahdipou/test/code/fractal/FD12/FD_12_90.png,qwen2.5vl,2243,no_face,no face
/mnt/mahdipou/test/code/fractal/FD12/FD_12_91.png,qwen2.5vl,2300,no_face,no face
/mnt/mahdipou/test/code/fractal/FD12/FD_12_92.png,qwen2.5vl,2314,no_face,no face
/mnt/mahdipou/test/code/fractal/FD12/FD_12_93.png,qwen2.5vl,2265,no_face,no face
/mnt/mahdipou/test/code/fractal/FD12/FD_12_94.png,qwen2.5vl,2326,no_face,no face
/mnt/mahdipou/test/code/fractal/FD12/FD_12_95.png,qwen2.5vl,2288,no_face,no face
/mnt/mahdipou/test/code/fractal/FD12/FD_12_96.png,qwen2.5vl,2276,no_face,no face
/mnt/mahdipou/test/code/fractal/FD12/FD_12_97.png,qwen2.5vl,2348,no_face,no face
/mnt/mahdipou/test/code/fractal/FD12/FD_12_98.png,qwen2.5vl,2339,no_face,no face
/mnt/mahdipou/test/code/fractal/FD12/FD_12_99.png,qwen2.5vl,2231,no_face,no face
/mnt/mahdipou/test/code/fractal/FD14/FD_14_0.png,qwen2.5vl,2348,no_face,no face
/mnt/mahdipou/test/code/fractal/FD14/FD_14_1.png,qwen2.5vl,2306,no_face,no face
/mnt/mahdipou/test/code/fractal/FD14/FD_14_10.png,qwen2.5vl,2291,no_face,no face
/mnt/mahdipou/test/code/fractal/FD14/FD_14_11.png,qwen2.5vl,2352,no_face,no face
/mnt/mahdipou/test/code/fractal/FD14/FD_14_12.png,qwen2.5vl,2326,no_face,no face
/mnt/mahdipou/test/code/fractal/FD14/FD_14_13.png,qwen2.5vl,2289,no_face,no face
/mnt/mahdipou/test/code/fractal/FD14/FD_14_14.png,qwen2.5vl,2354,no_face,no face
/mnt/mahdipou/test/code/fractal/FD14/FD_14_15.png,qwen2.5vl,2314,no_face,no face
/mnt/mahdipou/test/code/fractal/FD14/FD_14_16.png,qwen2.5vl,2294,no_face,no face
/mnt/mahdipou/test/code/fractal/FD14/FD_14_17.png,qwen2.5vl,2307,no_face,no face
/mnt/mahdipou/test/code/fractal/FD14/FD_14_18.png,qwen2.5vl,2222,no_face,no face
/mnt/mahdipou/test/code/fractal/FD14/FD_14_19.png,qwen2.5vl,2225,no_face,no face
/mnt/mahdipou/test/code/fractal/FD14/FD_14_2.png,qwen2.5vl,2329,no_face,no face
/mnt/mahdipou/test/code/fractal/FD14/FD_14_20.png,qwen2.5vl,2276,no_face,no face
/mnt/mahdipou/test/code/fractal/FD14/FD_14_21.png,qwen2.5vl,2337,no_face,no face
/mnt/mahdipou/test/code/fractal/FD14/FD_14_22.png,qwen2.5vl,2292,no_face,no face
/mnt/mahdipou/test/code/fractal/FD14/FD_14_23.png,qwen2.5vl,2311,no_face,no face
/mnt/mahdipou/test/code/fractal/FD14/FD_14_24.png,qwen2.5vl,2323,no_face,no face
/mnt/mahdipou/test/code/fractal/FD14/FD_14_25.png,qwen2.5vl,2267,no_face,no face
/mnt/mahdipou/test/code/fractal/FD14/FD_14_26.png,qwen2.5vl,2210,no_face,no face
/mnt/mahdipou/test/code/fractal/FD14/FD_14_27.png,qwen2.5vl,2298,no_face,no face
/mnt/mahdipou/test/code/fractal/FD14/FD_14_28.png,qwen2.5vl,2255,no_face,no face
/mnt/mahdipou/test/code/fractal/FD14/FD_14_29.png,qwen2.5vl,2312,no_face,no face
/mnt/mahdipou/test/code/fractal/FD14/FD_14_3.png,qwen2.5vl,2304,no_face,no face
/mnt/mahdipou/test/code/fractal/FD14/FD_14_30.png,qwen2.5vl,2296,no_face,no face
/mnt/mahdipou/test/code/fractal/FD14/FD_14_31.png,qwen2.5vl,2250,no_face,no face
/mnt/mahdipou/test/code/fractal/FD14/FD_14_32.png,qwen2.5vl,2328,no_face,no face
/mnt/mahdipou/test/code/fractal/FD14/FD_14_33.png,qwen2.5vl,2283,no_face,no face
/mnt/mahdipou/test/code/fractal/FD14/FD_14_34.png,qwen2.5vl,2334,no_face,no face
/mnt/mahdipou/test/code/fractal/FD14/FD_14_35.png,qwen2.5vl,2417,no_face,no face
/mnt/mahdipou/test/code/fractal/FD14/FD_14_36.png,qwen2.5vl,2302,no_face,no face
/mnt/mahdipou/test/code/fractal/FD14/FD_14_37.png,qwen2.5vl,2253,no_face,no face
/mnt/mahdipou/test/code/fractal/FD14/FD_14_38.png,qwen2.5vl,2292,no_face,no face
/mnt/mahdipou/test/code/fractal/FD14/FD_14_39.png,qwen2.5vl,2297,no_face,no face
/mnt/mahdipou/test/code/fractal/FD14/FD_14_4.png,qwen2.5vl,2408,no_face,no face
/mnt/mahdipou/test/code/fractal/FD14/FD_14_40.png,qwen2.5vl,2282,no_face,no face
/mnt/mahdipou/test/code/fractal/FD14/FD_14_41.png,qwen2.5vl,2258,no_face,no face
/mnt/mahdipou/test/code/fractal/FD14/FD_14_42.png,qwen2.5vl,2319,no_face,no face
/mnt/mahdipou/test/code/fractal/FD14/FD_14_43.png,qwen2.5vl,2327,no_face,no face
/mnt/mahdipou/test/code/fractal/FD14/FD_14_44.png,qwen2.5vl,2298,no_face,no face
/mnt/mahdipou/test/code/fractal/FD14/FD_14_45.png,qwen2.5vl,2284,no_face,no face
/mnt/mahdipou/test/code/fractal/FD14/FD_14_46.png,qwen2.5vl,2325,no_face,no face
/mnt/mahdipou/test/code/fractal/FD14/FD_14_47.png,qwen2.5vl,2274,no_face,no face
/mnt/mahdipou/test/code/fractal/FD14/FD_14_48.png,qwen2.5vl,2238,no_face,no face
/mnt/mahdipou/test/code/fractal/FD14/FD_14_49.png,qwen2.5vl,2318,no_face,no face
/mnt/mahdipou/test/code/fractal/FD14/FD_14_5.png,qwen2.5vl,2207,no_face,no face
/mnt/mahdipou/test/code/fractal/FD14/FD_14_50.png,qwen2.5vl,2289,no_face,no face
/mnt/mahdipou/test/code/fractal/FD14/FD_14_51.png,qwen2.5vl,2288,no_face,no face
/mnt/mahdipou/test/code/fractal/FD14/FD_14_52.png,qwen2.5vl,2243,no_face,no face
/mnt/mahdipou/test/code/fractal/FD14/FD_14_53.png,qwen2.5vl,2274,no_face,no face
/mnt/mahdipou/test/code/fractal/FD14/FD_14_54.png,qwen2.5vl,2263,no_face,no face
/mnt/mahdipou/test/code/fractal/FD14/FD_14_55.png,qwen2.5vl,2343,no_face,no face
/mnt/mahdipou/test/code/fractal/FD14/FD_14_56.png,qwen2.5vl,2368,no_face,no face
/mnt/mahdipou/test/code/fractal/FD14/FD_14_57.png,qwen2.5vl,2338,no_face,no face
/mnt/mahdipou/test/code/fractal/FD14/FD_14_58.png,qwen2.5vl,2253,no_face,no face
/mnt/mahdipou/test/code/fractal/FD14/FD_14_59.png,qwen2.5vl,2302,no_face,no face
/mnt/mahdipou/test/code/fractal/FD14/FD_14_6.png,qwen2.5vl,2316,no_face,no face
/mnt/mahdipou/test/code/fractal/FD14/FD_14_60.png,qwen2.5vl,2308,no_face,no face
/mnt/mahdipou/test/code/fractal/FD14/FD_14_61.png,qwen2.5vl,2219,no_face,no face
/mnt/mahdipou/test/code/fractal/FD14/FD_14_62.png,qwen2.5vl,2284,no_face,no face
/mnt/mahdipou/test/code/fractal/FD14/FD_14_63.png,qwen2.5vl,2263,no_face,no face
/mnt/mahdipou/test/code/fractal/FD14/FD_14_64.png,qwen2.5vl,2375,no_face,no face
/mnt/mahdipou/test/code/fractal/FD14/FD_14_65.png,qwen2.5vl,2290,no_face,no face
/mnt/mahdipou/test/code/fractal/FD14/FD_14_66.png,qwen2.5vl,2261,no_face,no face
/mnt/mahdipou/test/code/fractal/FD14/FD_14_67.png,qwen2.5vl,2326,no_face,no face
/mnt/mahdipou/test/code/fractal/FD14/FD_14_68.png,qwen2.5vl,2338,no_face,no face
/mnt/mahdipou/test/code/fractal/FD14/FD_14_69.png,qwen2.5vl,2255,no_face,no face
/mnt/mahdipou/test/code/fractal/FD14/FD_14_7.png,qwen2.5vl,2244,no_face,no face
/mnt/mahdipou/test/code/fractal/FD14/FD_14_70.png,qwen2.5vl,2344,no_face,no face
/mnt/mahdipou/test/code/fractal/FD14/FD_14_71.png,qwen2.5vl,2344,no_face,no face
/mnt/mahdipou/test/code/fractal/FD14/FD_14_72.png,qwen2.5vl,2252,no_face,no face
/mnt/mahdipou/test/code/fractal/FD14/FD_14_73.png,qwen2.5vl,2301,no_face,no face
/mnt/mahdipou/test/code/fractal/FD14/FD_14_74.png,qwen2.5vl,2334,no_face,no face
/mnt/mahdipou/test/code/fractal/FD14/FD_14_75.png,qwen2.5vl,2312,no_face,no face
/mnt/mahdipou/test/code/fractal/FD14/FD_14_76.png,qwen2.5vl,2307,no_face,no face
/mnt/mahdipou/test/code/fractal/FD14/FD_14_77.png,qwen2.5vl,2277,no_face,no face
/mnt/mahdipou/test/code/fractal/FD14/FD_14_78.png,qwen2.5vl,2289,no_face,no face
/mnt/mahdipou/test/code/fractal/FD14/FD_14_79.png,qwen2.5vl,2254,no_face,no face
/mnt/mahdipou/test/code/fractal/FD14/FD_14_8.png,qwen2.5vl,2346,no_face,no face
/mnt/mahdipou/test/code/fractal/FD14/FD_14_80.png,qwen2.5vl,2363,no_face,no face
/mnt/mahdipou/test/code/fractal/FD14/FD_14_81.png,qwen2.5vl,2281,no_face,no face
/mnt/mahdipou/test/code/fractal/FD14/FD_14_82.png,qwen2.5vl,2283,no_face,no face
/mnt/mahdipou/test/code/fractal/FD14/FD_14_83.png,qwen2.5vl,2320,no_face,no face
/mnt/mahdipou/test/code/fractal/FD14/FD_14_84.png,qwen2.5vl,2263,no_face,no face
/mnt/mahdipou/test/code/fractal/FD14/FD_14_85.png,qwen2.5vl,2268,no_face,no face
/mnt/mahdipou/test/code/fractal/FD14/FD_14_86.png,qwen2.5vl,2270,no_face,no face
/mnt/mahdipou/test/code/fractal/FD14/FD_14_87.png,qwen2.5vl,2280,no_face,no face
/mnt/mahdipou/test/code/fractal/FD14/FD_14_88.png,qwen2.5vl,2318,no_face,no face
/mnt/mahdipou/test/code/fractal/FD14/FD_14_89.png,qwen2.5vl,2243,no_face,no face
/mnt/mahdipou/test/code/fractal/FD14/FD_14_9.png,qwen2.5vl,2303,no_face,no face
/mnt/mahdipou/test/code/fractal/FD14/FD_14_90.png,qwen2.5vl,2339,no_face,no face
/mnt/mahdipou/test/code/fractal/FD14/FD_14_91.png,qwen2.5vl,2232,no_face,no face
/mnt/mahdipou/test/code/fractal/FD14/FD_14_92.png,qwen2.5vl,2330,no_face,no face
/mnt/mahdipou/test/code/fractal/FD14/FD_14_93.png,qwen2.5vl,2337,no_face,no face
/mnt/mahdipou/test/code/fractal/FD14/FD_14_94.png,qwen2.5vl,2316,no_face,no face
/mnt/mahdipou/test/code/fractal/FD14/FD_14_95.png,qwen2.5vl,2258,no_face,no face
/mnt/mahdipou/test/code/fractal/FD14/FD_14_96.png,qwen2.5vl,2290,no_face,no face
/mnt/mahdipou/test/code/fractal/FD14/FD_14_97.png,qwen2.5vl,2274,no_face,no face
/mnt/mahdipou/test/code/fractal/FD14/FD_14_98.png,qwen2.5vl,2241,no_face,no face
/mnt/mahdipou/test/code/fractal/FD14/FD_14_99.png,qwen2.5vl,2319,no_face,no face
/mnt/mahdipou/test/code/fractal/FD16/FD_16_0.png,qwen2.5vl,2326,no_face,no face
/mnt/mahdipou/test/code/fractal/FD16/FD_16_1.png,qwen2.5vl,2315,no_face,no face
/mnt/mahdipou/test/code/fractal/FD16/FD_16_10.png,qwen2.5vl,2365,no_face,no face
/mnt/mahdipou/test/code/fractal/FD16/FD_16_11.png,qwen2.5vl,2314,no_face,no face
/mnt/mahdipou/test/code/fractal/FD16/FD_16_12.png,qwen2.5vl,2298,no_face,no face
/mnt/mahdipou/test/code/fractal/FD16/FD_16_13.png,qwen2.5vl,2384,no_face,no face
/mnt/mahdipou/test/code/fractal/FD16/FD_16_14.png,qwen2.5vl,2315,no_face,no face
/mnt/mahdipou/test/code/fractal/FD16/FD_16_15.png,qwen2.5vl,2213,no_face,no face
/mnt/mahdipou/test/code/fractal/FD16/FD_16_16.png,qwen2.5vl,2285,no_face,no face
/mnt/mahdipou/test/code/fractal/FD16/FD_16_17.png,qwen2.5vl,2250,no_face,no face
/mnt/mahdipou/test/code/fractal/FD16/FD_16_18.png,qwen2.5vl,2314,no_face,no face
/mnt/mahdipou/test/code/fractal/FD16/FD_16_19.png,qwen2.5vl,2267,no_face,no face
/mnt/mahdipou/test/code/fractal/FD16/FD_16_2.png,qwen2.5vl,2294,no_face,no face
/mnt/mahdipou/test/code/fractal/FD16/FD_16_20.png,qwen2.5vl,2324,no_face,no face
/mnt/mahdipou/test/code/fractal/FD16/FD_16_21.png,qwen2.5vl,2407,no_face,no face
/mnt/mahdipou/test/code/fractal/FD16/FD_16_22.png,qwen2.5vl,2320,no_face,no face
/mnt/mahdipou/test/code/fractal/FD16/FD_16_23.png,qwen2.5vl,2262,no_face,no face
/mnt/mahdipou/test/code/fractal/FD16/FD_16_24.png,qwen2.5vl,2232,no_face,no face
/mnt/mahdipou/test/code/fractal/FD16/FD_16_25.png,qwen2.5vl,2278,no_face,no face
/mnt/mahdipou/test/code/fractal/FD16/FD_16_26.png,qwen2.5vl,2264,no_face,no face
/mnt/mahdipou/test/code/fractal/FD16/FD_16_27.png,qwen2.5vl,2306,no_face,no face
/mnt/mahdipou/test/code/fractal/FD16/FD_16_28.png,qwen2.5vl,2277,no_face,no face
/mnt/mahdipou/test/code/fractal/FD16/FD_16_29.png,qwen2.5vl,2222,no_face,no face
/mnt/mahdipou/test/code/fractal/FD16/FD_16_3.png,qwen2.5vl,2350,no_face,no face
/mnt/mahdipou/test/code/fractal/FD16/FD_16_30.png,qwen2.5vl,2296,no_face,no face
/mnt/mahdipou/test/code/fractal/FD16/FD_16_31.png,qwen2.5vl,2388,no_face,no face
/mnt/mahdipou/test/code/fractal/FD16/FD_16_32.png,qwen2.5vl,2287,no_face,no face
/mnt/mahdipou/test/code/fractal/FD16/FD_16_33.png,qwen2.5vl,2418,no_face,no face
/mnt/mahdipou/test/code/fractal/FD16/FD_16_34.png,qwen2.5vl,2301,no_face,no face
/mnt/mahdipou/test/code/fractal/FD16/FD_16_35.png,qwen2.5vl,2257,no_face,no face
/mnt/mahdipou/test/code/fractal/FD16/FD_16_36.png,qwen2.5vl,2354,no_face,no face
/mnt/mahdipou/test/code/fractal/FD16/FD_16_37.png,qwen2.5vl,2303,no_face,no face
/mnt/mahdipou/test/code/fractal/FD16/FD_16_38.png,qwen2.5vl,2298,no_face,no face
/mnt/mahdipou/test/code/fractal/FD16/FD_16_39.png,qwen2.5vl,2321,no_face,no face
/mnt/mahdipou/test/code/fractal/FD16/FD_16_4.png,qwen2.5vl,2302,no_face,no face
/mnt/mahdipou/test/code/fractal/FD16/FD_16_40.png,qwen2.5vl,2335,no_face,no face
/mnt/mahdipou/test/code/fractal/FD16/FD_16_41.png,qwen2.5vl,2314,no_face,no face
/mnt/mahdipou/test/code/fractal/FD16/FD_16_42.png,qwen2.5vl,2313,no_face,no face
/mnt/mahdipou/test/code/fractal/FD16/FD_16_43.png,qwen2.5vl,2267,no_face,no face
/mnt/mahdipou/test/code/fractal/FD16/FD_16_44.png,qwen2.5vl,2294,no_face,no face
/mnt/mahdipou/test/code/fractal/FD16/FD_16_45.png,qwen2.5vl,2322,no_face,no face
/mnt/mahdipou/test/code/fractal/FD16/FD_16_46.png,qwen2.5vl,2299,no_face,no face
/mnt/mahdipou/test/code/fractal/FD16/FD_16_47.png,qwen2.5vl,2387,no_face,no face
/mnt/mahdipou/test/code/fractal/FD16/FD_16_48.png,qwen2.5vl,2329,no_face,no face
/mnt/mahdipou/test/code/fractal/FD16/FD_16_49.png,qwen2.5vl,2329,no_face,no face
/mnt/mahdipou/test/code/fractal/FD16/FD_16_5.png,qwen2.5vl,2265,no_face,no face
/mnt/mahdipou/test/code/fractal/FD16/FD_16_50.png,qwen2.5vl,2339,no_face,no face
/mnt/mahdipou/test/code/fractal/FD16/FD_16_51.png,qwen2.5vl,2282,no_face,no face
/mnt/mahdipou/test/code/fractal/FD16/FD_16_52.png,qwen2.5vl,2344,no_face,no face
/mnt/mahdipou/test/code/fractal/FD16/FD_16_53.png,qwen2.5vl,2269,no_face,no face
/mnt/mahdipou/test/code/fractal/FD16/FD_16_54.png,qwen2.5vl,2276,no_face,no face
/mnt/mahdipou/test/code/fractal/FD16/FD_16_55.png,qwen2.5vl,2372,no_face,no face
/mnt/mahdipou/test/code/fractal/FD16/FD_16_56.png,qwen2.5vl,2343,no_face,no face
/mnt/mahdipou/test/code/fractal/FD16/FD_16_57.png,qwen2.5vl,2328,no_face,no face
/mnt/mahdipou/test/code/fractal/FD16/FD_16_58.png,qwen2.5vl,2355,no_face,no face
/mnt/mahdipou/test/code/fractal/FD16/FD_16_59.png,qwen2.5vl,2366,no_face,no face
/mnt/mahdipou/test/code/fractal/FD16/FD_16_6.png,qwen2.5vl,2389,no_face,no face
/mnt/mahdipou/test/code/fractal/FD16/FD_16_60.png,qwen2.5vl,2314,no_face,no face
/mnt/mahdipou/test/code/fractal/FD16/FD_16_61.png,qwen2.5vl,2247,no_face,no face
/mnt/mahdipou/test/code/fractal/FD16/FD_16_62.png,qwen2.5vl,2334,no_face,no face
/mnt/mahdipou/test/code/fractal/FD16/FD_16_63.png,qwen2.5vl,2303,no_face,no face
/mnt/mahdipou/test/code/fractal/FD16/FD_16_64.png,qwen2.5vl,2391,no_face,no face
/mnt/mahdipou/test/code/fractal/FD16/FD_16_65.png,qwen2.5vl,2336,no_face,no face
/mnt/mahdipou/test/code/fractal/FD16/FD_16_66.png,qwen2.5vl,2301,no_face,no face
/mnt/mahdipou/test/code/fractal/FD16/FD_16_67.png,qwen2.5vl,2304,no_face,no face
/mnt/mahdipou/test/code/fractal/FD16/FD_16_68.png,qwen2.5vl,2289,no_face,no face
/mnt/mahdipou/test/code/fractal/FD16/FD_16_69.png,qwen2.5vl,2277,no_face,no face
/mnt/mahdipou/test/code/fractal/FD16/FD_16_7.png,qwen2.5vl,2276,no_face,no face
/mnt/mahdipou/test/code/fractal/FD16/FD_16_70.png,qwen2.5vl,2360,no_face,no face
/mnt/mahdipou/test/code/fractal/FD16/FD_16_71.png,qwen2.5vl,2311,no_face,no face
/mnt/mahdipou/test/code/fractal/FD16/FD_16_72.png,qwen2.5vl,2324,no_face,no face
/mnt/mahdipou/test/code/fractal/FD16/FD_16_73.png,qwen2.5vl,2304,no_face,no face
/mnt/mahdipou/test/code/fractal/FD16/FD_16_74.png,qwen2.5vl,2320,no_face,no face
/mnt/mahdipou/test/code/fractal/FD16/FD_16_75.png,qwen2.5vl,2337,no_face,no face
/mnt/mahdipou/test/code/fractal/FD16/FD_16_76.png,qwen2.5vl,2308,no_face,no face
/mnt/mahdipou/test/code/fractal/FD16/FD_16_77.png,qwen2.5vl,2272,no_face,no face
/mnt/mahdipou/test/code/fractal/FD16/FD_16_78.png,qwen2.5vl,2306,no_face,no face
/mnt/mahdipou/test/code/fractal/FD16/FD_16_79.png,qwen2.5vl,2275,no_face,no face
/mnt/mahdipou/test/code/fractal/FD16/FD_16_8.png,qwen2.5vl,2263,no_face,no face
/mnt/mahdipou/test/code/fractal/FD16/FD_16_80.png,qwen2.5vl,2348,no_face,no face
/mnt/mahdipou/test/code/fractal/FD16/FD_16_81.png,qwen2.5vl,2272,no_face,no face
/mnt/mahdipou/test/code/fractal/FD16/FD_16_82.png,qwen2.5vl,2264,no_face,no face
/mnt/mahdipou/test/code/fractal/FD16/FD_16_83.png,qwen2.5vl,2280,no_face,no face
/mnt/mahdipou/test/code/fractal/FD16/FD_16_84.png,qwen2.5vl,2304,no_face,no face
/mnt/mahdipou/test/code/fractal/FD16/FD_16_85.png,qwen2.5vl,2297,no_face,no face
/mnt/mahdipou/test/code/fractal/FD16/FD_16_86.png,qwen2.5vl,2292,no_face,no face
/mnt/mahdipou/test/code/fractal/FD16/FD_16_87.png,qwen2.5vl,2345,no_face,no face
/mnt/mahdipou/test/code/fractal/FD16/FD_16_88.png,qwen2.5vl,2265,no_face,no face
/mnt/mahdipou/test/code/fractal/FD16/FD_16_89.png,qwen2.5vl,2305,no_face,no face
/mnt/mahdipou/test/code/fractal/FD16/FD_16_9.png,qwen2.5vl,2287,no_face,no face
/mnt/mahdipou/test/code/fractal/FD16/FD_16_90.png,qwen2.5vl,2355,no_face,no face
/mnt/mahdipou/test/code/fractal/FD16/FD_16_91.png,qwen2.5vl,2351,no_face,no face
/mnt/mahdipou/test/code/fractal/FD16/FD_16_92.png,qwen2.5vl,2330,no_face,no face
/mnt/mahdipou/test/code/fractal/FD16/FD_16_93.png,qwen2.5vl,2263,no_face,no face
/mnt/mahdipou/test/code/fractal/FD16/FD_16_94.png,qwen2.5vl,2386,no_face,no face
/mnt/mahdipou/test/code/fractal/FD16/FD_16_95.png,qwen2.5vl,2292,no_face,no face
/mnt/mahdipou/test/code/fractal/FD16/FD_16_96.png,qwen2.5vl,2302,no_face,no face
/mnt/mahdipou/test/code/fractal/FD16/FD_16_97.png,qwen2.5vl,2321,no_face,no face
/mnt/mahdipou/test/code/fractal/FD16/FD_16_98.png,qwen2.5vl,2327,no_face,no face
/mnt/mahdipou/test/code/fractal/FD16/FD_16_99.png,qwen2.5vl,2349,no_face,no face
